"Number of Vertices","Number of edges","Average Key Comparisons"
"Varying V, Fixed E","10","8357.0"
"Varying V, Fixed E","11","4096.0"
"Varying V, Fixed E","12","3071.0"
"Varying V, Fixed E","13","3272.0"
"Varying V, Fixed E","14","4176.0"
"Varying V, Fixed E","15","4983.0"
"Varying V, Fixed E","16","4341.0"
"Varying V, Fixed E","17","4820.0"
"Varying V, Fixed E","18","4086.0"
"Varying V, Fixed E","19","4206.0"
"Varying V, Fixed E","20","4237.0"
"Varying V, Fixed E","21","4470.0"
"Varying V, Fixed E","22","4842.0"
"Varying V, Fixed E","23","5152.0"
"Varying V, Fixed E","24","6056.0"
"Varying V, Fixed E","25","6044.0"
"Varying V, Fixed E","26","6145.0"
"Varying V, Fixed E","27","6742.0"
"Varying V, Fixed E","28","7555.0"
"Varying V, Fixed E","29","7351.0"
"Varying V, Fixed E","30","8777.0"
"Varying V, Fixed E","31","8420.0"
"Varying V, Fixed E","32","8929.0"
"Varying V, Fixed E","33","5562.0"
"Varying V, Fixed E","34","4875.0"
"Varying V, Fixed E","35","8070.0"
"Varying V, Fixed E","36","5516.0"
"Varying V, Fixed E","37","5424.0"
"Varying V, Fixed E","38","5682.0"
"Varying V, Fixed E","39","5909.0"
"Varying V, Fixed E","40","6318.0"
"Varying V, Fixed E","41","6298.0"
"Varying V, Fixed E","42","6561.0"
"Varying V, Fixed E","43","7679.0"
"Varying V, Fixed E","44","7976.0"
"Varying V, Fixed E","45","8153.0"
"Varying V, Fixed E","46","8573.0"
"Varying V, Fixed E","47","9719.0"
"Varying V, Fixed E","48","10704.0"
"Varying V, Fixed E","49","10602.0"
"Varying V, Fixed E","50","8560.0"
"Varying V, Fixed E","51","8690.0"
"Varying V, Fixed E","52","9212.0"
"Varying V, Fixed E","53","9418.0"
"Varying V, Fixed E","54","9945.0"
"Varying V, Fixed E","55","11153.0"
"Varying V, Fixed E","56","10306.0"
"Varying V, Fixed E","57","11407.0"
"Varying V, Fixed E","58","11359.0"
"Varying V, Fixed E","59","12146.0"
"Varying V, Fixed E","60","13054.0"
"Varying V, Fixed E","61","14786.0"
"Varying V, Fixed E","62","13729.0"
"Varying V, Fixed E","63","14008.0"
"Varying V, Fixed E","64","14501.0"
"Varying V, Fixed E","65","15128.0"
"Varying V, Fixed E","66","15330.0"
"Varying V, Fixed E","67","16951.0"
"Varying V, Fixed E","68","16147.0"
"Varying V, Fixed E","69","16230.0"
"Varying V, Fixed E","70","16923.0"
"Varying V, Fixed E","71","16662.0"
"Varying V, Fixed E","72","17310.0"
"Varying V, Fixed E","73","17702.0"
"Varying V, Fixed E","74","18053.0"
"Varying V, Fixed E","75","16633.0"
"Varying V, Fixed E","76","17635.0"
"Varying V, Fixed E","77","16968.0"
"Varying V, Fixed E","78","17038.0"
"Varying V, Fixed E","79","17871.0"
"Varying V, Fixed E","80","18329.0"
"Varying V, Fixed E","81","18568.0"
"Varying V, Fixed E","82","25412.0"
"Varying V, Fixed E","83","19459.0"
"Varying V, Fixed E","84","26226.0"
"Varying V, Fixed E","85","21218.0"
"Varying V, Fixed E","86","23286.0"
"Varying V, Fixed E","87","21570.0"
"Varying V, Fixed E","88","22319.0"
"Varying V, Fixed E","89","22373.0"
"Varying V, Fixed E","90","22756.0"
"Varying V, Fixed E","91","25220.0"
"Varying V, Fixed E","92","23343.0"
"Varying V, Fixed E","93","25798.0"
"Varying V, Fixed E","94","24494.0"
"Varying V, Fixed E","95","25268.0"
"Varying V, Fixed E","96","24993.0"
"Varying V, Fixed E","97","29701.0"
"Varying V, Fixed E","98","26008.0"
"Varying V, Fixed E","99","26135.0"
"Varying V, Fixed E","100","25825.0"
"Varying V, Fixed E","101","29348.0"
"Varying V, Fixed E","102","27420.0"
"Varying V, Fixed E","103","27607.0"
"Varying V, Fixed E","104","29842.0"
"Varying V, Fixed E","105","29321.0"
"Varying V, Fixed E","106","31003.0"
"Varying V, Fixed E","107","78459.0"
"Varying V, Fixed E","108","30322.0"
"Varying V, Fixed E","109","31099.0"
"Varying V, Fixed E","110","31860.0"
"Varying V, Fixed E","111","32599.0"
"Varying V, Fixed E","112","36254.0"
"Varying V, Fixed E","113","33655.0"
"Varying V, Fixed E","114","32591.0"
"Varying V, Fixed E","115","35591.0"
"Varying V, Fixed E","116","34303.0"
"Varying V, Fixed E","117","33541.0"
"Varying V, Fixed E","118","34589.0"
"Varying V, Fixed E","119","36742.0"
"Varying V, Fixed E","120","37145.0"
"Varying V, Fixed E","121","37912.0"
"Varying V, Fixed E","122","37194.0"
"Varying V, Fixed E","123","36107.0"
"Varying V, Fixed E","124","38640.0"
"Varying V, Fixed E","125","37248.0"
"Varying V, Fixed E","126","38451.0"
"Varying V, Fixed E","127","40817.0"
"Varying V, Fixed E","128","39728.0"
"Varying V, Fixed E","129","40042.0"
"Varying V, Fixed E","130","40076.0"
"Varying V, Fixed E","131","40978.0"
"Varying V, Fixed E","132","42704.0"
"Varying V, Fixed E","133","41127.0"
"Varying V, Fixed E","134","43525.0"
"Varying V, Fixed E","135","42370.0"
"Varying V, Fixed E","136","44777.0"
"Varying V, Fixed E","137","48358.0"
"Varying V, Fixed E","138","44688.0"
"Varying V, Fixed E","139","44140.0"
"Varying V, Fixed E","140","44310.0"
"Varying V, Fixed E","141","46510.0"
"Varying V, Fixed E","142","46617.0"
"Varying V, Fixed E","143","46628.0"
"Varying V, Fixed E","144","50623.0"
"Varying V, Fixed E","145","52445.0"
"Varying V, Fixed E","146","49440.0"
"Varying V, Fixed E","147","51156.0"
"Varying V, Fixed E","148","48025.0"
"Varying V, Fixed E","149","48812.0"
"Varying V, Fixed E","150","49316.0"
"Varying V, Fixed E","151","52295.0"
"Varying V, Fixed E","152","55615.0"
"Varying V, Fixed E","153","55233.0"
"Varying V, Fixed E","154","56607.0"
"Varying V, Fixed E","155","53074.0"
"Varying V, Fixed E","156","56566.0"
"Varying V, Fixed E","157","54295.0"
"Varying V, Fixed E","158","69074.0"
"Varying V, Fixed E","159","56260.0"
"Varying V, Fixed E","160","57608.0"
"Varying V, Fixed E","161","56653.0"
"Varying V, Fixed E","162","71531.0"
"Varying V, Fixed E","163","57023.0"
"Varying V, Fixed E","164","65924.0"
"Varying V, Fixed E","165","63942.0"
"Varying V, Fixed E","166","59539.0"
"Varying V, Fixed E","167","68570.0"
"Varying V, Fixed E","168","59731.0"
"Varying V, Fixed E","169","62004.0"
"Varying V, Fixed E","170","64502.0"
"Varying V, Fixed E","171","65869.0"
"Varying V, Fixed E","172","72646.0"
"Varying V, Fixed E","173","66516.0"
"Varying V, Fixed E","174","64723.0"
"Varying V, Fixed E","175","64570.0"
"Varying V, Fixed E","176","66337.0"
"Varying V, Fixed E","177","67200.0"
"Varying V, Fixed E","178","67713.0"
"Varying V, Fixed E","179","70373.0"
"Varying V, Fixed E","180","67943.0"
"Varying V, Fixed E","181","70191.0"
"Varying V, Fixed E","182","69756.0"
"Varying V, Fixed E","183","70071.0"
"Varying V, Fixed E","184","75821.0"
"Varying V, Fixed E","185","70882.0"
"Varying V, Fixed E","186","73614.0"
"Varying V, Fixed E","187","71000.0"
"Varying V, Fixed E","188","74827.0"
"Varying V, Fixed E","189","78692.0"
"Varying V, Fixed E","190","75821.0"
"Varying V, Fixed E","191","78610.0"
"Varying V, Fixed E","192","80940.0"
"Varying V, Fixed E","193","75763.0"
"Varying V, Fixed E","194","85837.0"
"Varying V, Fixed E","195","77580.0"
"Varying V, Fixed E","196","84373.0"
"Varying V, Fixed E","197","81550.0"
"Varying V, Fixed E","198","79428.0"
"Varying V, Fixed E","199","81643.0"
"Varying V, Fixed E","200","81620.0"
"Varying V, Fixed E","201","83295.0"
"Varying V, Fixed E","202","83207.0"
"Varying V, Fixed E","203","88066.0"
"Varying V, Fixed E","204","84944.0"
"Varying V, Fixed E","205","89353.0"
"Varying V, Fixed E","206","91518.0"
"Varying V, Fixed E","207","91124.0"
"Varying V, Fixed E","208","90359.0"
"Varying V, Fixed E","209","89016.0"
"Varying V, Fixed E","210","90564.0"
"Varying V, Fixed E","211","89092.0"
"Varying V, Fixed E","212","100714.0"
"Varying V, Fixed E","213","90721.0"
"Varying V, Fixed E","214","92137.0"
"Varying V, Fixed E","215","100402.0"
"Varying V, Fixed E","216","101093.0"
"Varying V, Fixed E","217","99452.0"
"Varying V, Fixed E","218","104328.0"
"Varying V, Fixed E","219","98198.0"
"Varying V, Fixed E","220","100878.0"
"Varying V, Fixed E","221","102534.0"
"Varying V, Fixed E","222","103774.0"
"Varying V, Fixed E","223","106375.0"
"Varying V, Fixed E","224","98552.0"
"Varying V, Fixed E","225","106681.0"
"Varying V, Fixed E","226","100337.0"
"Varying V, Fixed E","227","100778.0"
"Varying V, Fixed E","228","103654.0"
"Varying V, Fixed E","229","107836.0"
"Varying V, Fixed E","230","108490.0"
"Varying V, Fixed E","231","110266.0"
"Varying V, Fixed E","232","114081.0"
"Varying V, Fixed E","233","110592.0"
"Varying V, Fixed E","234","109342.0"
"Varying V, Fixed E","235","110922.0"
"Varying V, Fixed E","236","117453.0"
"Varying V, Fixed E","237","117646.0"
"Varying V, Fixed E","238","122476.0"
"Varying V, Fixed E","239","117001.0"
"Varying V, Fixed E","240","113961.0"
"Varying V, Fixed E","241","119409.0"
"Varying V, Fixed E","242","119987.0"
"Varying V, Fixed E","243","117390.0"
"Varying V, Fixed E","244","119731.0"
"Varying V, Fixed E","245","119648.0"
"Varying V, Fixed E","246","120762.0"
"Varying V, Fixed E","247","124103.0"
"Varying V, Fixed E","248","120238.0"
"Varying V, Fixed E","249","122783.0"
"Varying V, Fixed E","250","128011.0"
"Varying V, Fixed E","251","122580.0"
"Varying V, Fixed E","252","127222.0"
"Varying V, Fixed E","253","121575.0"
"Varying V, Fixed E","254","127630.0"
"Varying V, Fixed E","255","122768.0"
"Varying V, Fixed E","256","124153.0"
"Varying V, Fixed E","257","128503.0"
"Varying V, Fixed E","258","131638.0"
"Varying V, Fixed E","259","131783.0"
"Varying V, Fixed E","260","147905.0"
"Varying V, Fixed E","261","129186.0"
"Varying V, Fixed E","262","136350.0"
"Varying V, Fixed E","263","141301.0"
"Varying V, Fixed E","264","145063.0"
"Varying V, Fixed E","265","135589.0"
"Varying V, Fixed E","266","134138.0"
"Varying V, Fixed E","267","140578.0"
"Varying V, Fixed E","268","137072.0"
"Varying V, Fixed E","269","141651.0"
"Varying V, Fixed E","270","147440.0"
"Varying V, Fixed E","271","140196.0"
"Varying V, Fixed E","272","153610.0"
"Varying V, Fixed E","273","150701.0"
"Varying V, Fixed E","274","158629.0"
"Varying V, Fixed E","275","158200.0"
"Varying V, Fixed E","276","163057.0"
"Varying V, Fixed E","277","150593.0"
"Varying V, Fixed E","278","160118.0"
"Varying V, Fixed E","279","153249.0"
"Varying V, Fixed E","280","167410.0"
"Varying V, Fixed E","281","157582.0"
"Varying V, Fixed E","282","158654.0"
"Varying V, Fixed E","283","159516.0"
"Varying V, Fixed E","284","173392.0"
"Varying V, Fixed E","285","160864.0"
"Varying V, Fixed E","286","164840.0"
"Varying V, Fixed E","287","155419.0"
"Varying V, Fixed E","288","156022.0"
"Varying V, Fixed E","289","160771.0"
"Varying V, Fixed E","290","165647.0"
"Varying V, Fixed E","291","168677.0"
"Varying V, Fixed E","292","157188.0"
"Varying V, Fixed E","293","161331.0"
"Varying V, Fixed E","294","164801.0"
"Varying V, Fixed E","295","189180.0"
"Varying V, Fixed E","296","175808.0"
"Varying V, Fixed E","297","178109.0"
"Varying V, Fixed E","298","176651.0"
"Varying V, Fixed E","299","181290.0"
"Varying V, Fixed E","300","189868.0"
"Varying V, Fixed E","301","172338.0"
"Varying V, Fixed E","302","189154.0"
"Varying V, Fixed E","303","183534.0"
"Varying V, Fixed E","304","182881.0"
"Varying V, Fixed E","305","173820.0"
"Varying V, Fixed E","306","175350.0"
"Varying V, Fixed E","307","175942.0"
"Varying V, Fixed E","308","178182.0"
"Varying V, Fixed E","309","180628.0"
"Varying V, Fixed E","310","180074.0"
"Varying V, Fixed E","311","188205.0"
"Varying V, Fixed E","312","186935.0"
"Varying V, Fixed E","313","192138.0"
"Varying V, Fixed E","314","199936.0"
"Varying V, Fixed E","315","188406.0"
"Varying V, Fixed E","316","188451.0"
"Varying V, Fixed E","317","198212.0"
"Varying V, Fixed E","318","192906.0"
"Varying V, Fixed E","319","190079.0"
"Varying V, Fixed E","320","196809.0"
"Varying V, Fixed E","321","206347.0"
"Varying V, Fixed E","322","200336.0"
"Varying V, Fixed E","323","196530.0"
"Varying V, Fixed E","324","200827.0"
"Varying V, Fixed E","325","197869.0"
"Varying V, Fixed E","326","208553.0"
"Varying V, Fixed E","327","203265.0"
"Varying V, Fixed E","328","206157.0"
"Varying V, Fixed E","329","216250.0"
"Varying V, Fixed E","330","212010.0"
"Varying V, Fixed E","331","211232.0"
"Varying V, Fixed E","332","208889.0"
"Varying V, Fixed E","333","211148.0"
"Varying V, Fixed E","334","214528.0"
"Varying V, Fixed E","335","214893.0"
"Varying V, Fixed E","336","217700.0"
"Varying V, Fixed E","337","218310.0"
"Varying V, Fixed E","338","222124.0"
"Varying V, Fixed E","339","221629.0"
"Varying V, Fixed E","340","220532.0"
"Varying V, Fixed E","341","220908.0"
"Varying V, Fixed E","342","224708.0"
"Varying V, Fixed E","343","229838.0"
"Varying V, Fixed E","344","230540.0"
"Varying V, Fixed E","345","232427.0"
"Varying V, Fixed E","346","233184.0"
"Varying V, Fixed E","347","231877.0"
"Varying V, Fixed E","348","234358.0"
"Varying V, Fixed E","349","236821.0"
"Varying V, Fixed E","350","239368.0"
"Varying V, Fixed E","351","249549.0"
"Varying V, Fixed E","352","238528.0"
"Varying V, Fixed E","353","243541.0"
"Varying V, Fixed E","354","240906.0"
"Varying V, Fixed E","355","244974.0"
"Varying V, Fixed E","356","252106.0"
"Varying V, Fixed E","357","250876.0"
"Varying V, Fixed E","358","246290.0"
"Varying V, Fixed E","359","252873.0"
"Varying V, Fixed E","360","251960.0"
"Varying V, Fixed E","361","257000.0"
"Varying V, Fixed E","362","256733.0"
"Varying V, Fixed E","363","255389.0"
"Varying V, Fixed E","364","260477.0"
"Varying V, Fixed E","365","259951.0"
"Varying V, Fixed E","366","271393.0"
"Varying V, Fixed E","367","263683.0"
"Varying V, Fixed E","368","271371.0"
"Varying V, Fixed E","369","267955.0"
"Varying V, Fixed E","370","266522.0"
"Varying V, Fixed E","371","266276.0"
"Varying V, Fixed E","372","267934.0"
"Varying V, Fixed E","373","271249.0"
"Varying V, Fixed E","374","270486.0"
"Varying V, Fixed E","375","279225.0"
"Varying V, Fixed E","376","290594.0"
"Varying V, Fixed E","377","280019.0"
"Varying V, Fixed E","378","291478.0"
"Varying V, Fixed E","379","286827.0"
"Varying V, Fixed E","380","300667.0"
"Varying V, Fixed E","381","301021.0"
"Varying V, Fixed E","382","286103.0"
"Varying V, Fixed E","383","303054.0"
"Varying V, Fixed E","384","302646.0"
"Varying V, Fixed E","385","319313.0"
"Varying V, Fixed E","386","310971.0"
"Varying V, Fixed E","387","307250.0"
"Varying V, Fixed E","388","304922.0"
"Varying V, Fixed E","389","313602.0"
"Varying V, Fixed E","390","314209.0"
"Varying V, Fixed E","391","321255.0"
"Varying V, Fixed E","392","329936.0"
"Varying V, Fixed E","393","341656.0"
"Varying V, Fixed E","394","329445.0"
"Varying V, Fixed E","395","324446.0"
"Varying V, Fixed E","396","325053.0"
"Varying V, Fixed E","397","370604.0"
"Varying V, Fixed E","398","344897.0"
"Varying V, Fixed E","399","325765.0"
"Varying V, Fixed E","400","327520.0"
"Varying V, Fixed E","401","334398.0"
"Varying V, Fixed E","402","338206.0"
"Varying V, Fixed E","403","332800.0"
"Varying V, Fixed E","404","333756.0"
"Varying V, Fixed E","405","339432.0"
"Varying V, Fixed E","406","330579.0"
"Varying V, Fixed E","407","347307.0"
"Varying V, Fixed E","408","336599.0"
"Varying V, Fixed E","409","327594.0"
"Varying V, Fixed E","410","349691.0"
"Varying V, Fixed E","411","361593.0"
"Varying V, Fixed E","412","357149.0"
"Varying V, Fixed E","413","355629.0"
"Varying V, Fixed E","414","331512.0"
"Varying V, Fixed E","415","338514.0"
"Varying V, Fixed E","416","347894.0"
"Varying V, Fixed E","417","339278.0"
"Varying V, Fixed E","418","342110.0"
"Varying V, Fixed E","419","356830.0"
"Varying V, Fixed E","420","341784.0"
"Varying V, Fixed E","421","350006.0"
"Varying V, Fixed E","422","354954.0"
"Varying V, Fixed E","423","353637.0"
"Varying V, Fixed E","424","366425.0"
"Varying V, Fixed E","425","357525.0"
"Varying V, Fixed E","426","364092.0"
"Varying V, Fixed E","427","358384.0"
"Varying V, Fixed E","428","356603.0"
"Varying V, Fixed E","429","358222.0"
"Varying V, Fixed E","430","370784.0"
"Varying V, Fixed E","431","362332.0"
"Varying V, Fixed E","432","371904.0"
"Varying V, Fixed E","433","365822.0"
"Varying V, Fixed E","434","367192.0"
"Varying V, Fixed E","435","374803.0"
"Varying V, Fixed E","436","371946.0"
"Varying V, Fixed E","437","381275.0"
"Varying V, Fixed E","438","389893.0"
"Varying V, Fixed E","439","408118.0"
"Varying V, Fixed E","440","389854.0"
"Varying V, Fixed E","441","440655.0"
"Varying V, Fixed E","442","442084.0"
"Varying V, Fixed E","443","465264.0"
"Varying V, Fixed E","444","406835.0"
"Varying V, Fixed E","445","428558.0"
"Varying V, Fixed E","446","408586.0"
"Varying V, Fixed E","447","386334.0"
"Varying V, Fixed E","448","405277.0"
"Varying V, Fixed E","449","436289.0"
"Varying V, Fixed E","450","430249.0"
"Varying V, Fixed E","451","425500.0"
"Varying V, Fixed E","452","397416.0"
"Varying V, Fixed E","453","405302.0"
"Varying V, Fixed E","454","415715.0"
"Varying V, Fixed E","455","414190.0"
"Varying V, Fixed E","456","430297.0"
"Varying V, Fixed E","457","409960.0"
"Varying V, Fixed E","458","412477.0"
"Varying V, Fixed E","459","416285.0"
"Varying V, Fixed E","460","424866.0"
"Varying V, Fixed E","461","444846.0"
"Varying V, Fixed E","462","423869.0"
"Varying V, Fixed E","463","426215.0"
"Varying V, Fixed E","464","424660.0"
"Varying V, Fixed E","465","425144.0"
"Varying V, Fixed E","466","430501.0"
"Varying V, Fixed E","467","428857.0"
"Varying V, Fixed E","468","427867.0"
"Varying V, Fixed E","469","429730.0"
"Varying V, Fixed E","470","452464.0"
"Varying V, Fixed E","471","439150.0"
"Varying V, Fixed E","472","440652.0"
"Varying V, Fixed E","473","438082.0"
"Varying V, Fixed E","474","437024.0"
"Varying V, Fixed E","475","449790.0"
"Varying V, Fixed E","476","446446.0"
"Varying V, Fixed E","477","443027.0"
"Varying V, Fixed E","478","439919.0"
"Varying V, Fixed E","479","447237.0"
"Varying V, Fixed E","480","446928.0"
"Varying V, Fixed E","481","466962.0"
"Varying V, Fixed E","482","449376.0"
"Varying V, Fixed E","483","454052.0"
"Varying V, Fixed E","484","455724.0"
"Varying V, Fixed E","485","461044.0"
"Varying V, Fixed E","486","461932.0"
"Varying V, Fixed E","487","459006.0"
"Varying V, Fixed E","488","465395.0"
"Varying V, Fixed E","489","462090.0"
"Varying V, Fixed E","490","478239.0"
"Varying V, Fixed E","491","469235.0"
"Varying V, Fixed E","492","468107.0"
"Varying V, Fixed E","493","476761.0"
"Varying V, Fixed E","494","489501.0"
"Varying V, Fixed E","495","489268.0"
"Varying V, Fixed E","496","479836.0"
"Varying V, Fixed E","497","480004.0"
"Varying V, Fixed E","498","487415.0"
"Varying V, Fixed E","499","482394.0"
"Varying V, Fixed E","500","499309.0"
"Varying V, Fixed E","501","485254.0"
"Varying V, Fixed E","502","485974.0"
"Varying V, Fixed E","503","491372.0"
"Varying V, Fixed E","504","488336.0"
"Varying V, Fixed E","505","490735.0"
"Varying V, Fixed E","506","496572.0"
"Varying V, Fixed E","507","497814.0"
"Varying V, Fixed E","508","502002.0"
"Varying V, Fixed E","509","504843.0"
"Varying V, Fixed E","510","515909.0"
"Varying V, Fixed E","511","545765.0"
"Varying V, Fixed E","512","522273.0"
"Varying V, Fixed E","513","523719.0"
"Varying V, Fixed E","514","522085.0"
"Varying V, Fixed E","515","519539.0"
"Varying V, Fixed E","516","516473.0"
"Varying V, Fixed E","517","536383.0"
"Varying V, Fixed E","518","532159.0"
"Varying V, Fixed E","519","517374.0"
"Varying V, Fixed E","520","518206.0"
"Varying V, Fixed E","521","526212.0"
"Varying V, Fixed E","522","525476.0"
"Varying V, Fixed E","523","531621.0"
"Varying V, Fixed E","524","529254.0"
"Varying V, Fixed E","525","540164.0"
"Varying V, Fixed E","526","535397.0"
"Varying V, Fixed E","527","541431.0"
"Varying V, Fixed E","528","543491.0"
"Varying V, Fixed E","529","547897.0"
"Varying V, Fixed E","530","572405.0"
"Varying V, Fixed E","531","547337.0"
"Varying V, Fixed E","532","568860.0"
"Varying V, Fixed E","533","574384.0"
"Varying V, Fixed E","534","556316.0"
"Varying V, Fixed E","535","563666.0"
"Varying V, Fixed E","536","577093.0"
"Varying V, Fixed E","537","557979.0"
"Varying V, Fixed E","538","570293.0"
"Varying V, Fixed E","539","581542.0"
"Varying V, Fixed E","540","561371.0"
"Varying V, Fixed E","541","560422.0"
"Varying V, Fixed E","542","569362.0"
"Varying V, Fixed E","543","568547.0"
"Varying V, Fixed E","544","566828.0"
"Varying V, Fixed E","545","574395.0"
"Varying V, Fixed E","546","592042.0"
"Varying V, Fixed E","547","577043.0"
"Varying V, Fixed E","548","578911.0"
"Varying V, Fixed E","549","587036.0"
"Varying V, Fixed E","550","591762.0"
"Varying V, Fixed E","551","601144.0"
"Varying V, Fixed E","552","593304.0"
"Varying V, Fixed E","553","582825.0"
"Varying V, Fixed E","554","594720.0"
"Varying V, Fixed E","555","622142.0"
"Varying V, Fixed E","556","624498.0"
"Varying V, Fixed E","557","599899.0"
"Varying V, Fixed E","558","592051.0"
"Varying V, Fixed E","559","603035.0"
"Varying V, Fixed E","560","607895.0"
"Varying V, Fixed E","561","611626.0"
"Varying V, Fixed E","562","613492.0"
"Varying V, Fixed E","563","631449.0"
"Varying V, Fixed E","564","614507.0"
"Varying V, Fixed E","565","622795.0"
"Varying V, Fixed E","566","621545.0"
"Varying V, Fixed E","567","622077.0"
"Varying V, Fixed E","568","625808.0"
"Varying V, Fixed E","569","652287.0"
"Varying V, Fixed E","570","652003.0"
"Varying V, Fixed E","571","655806.0"
"Varying V, Fixed E","572","658739.0"
"Varying V, Fixed E","573","663956.0"
"Varying V, Fixed E","574","742343.0"
"Varying V, Fixed E","575","701387.0"
"Varying V, Fixed E","576","669276.0"
"Varying V, Fixed E","577","648455.0"
"Varying V, Fixed E","578","700720.0"
"Varying V, Fixed E","579","851053.0"
"Varying V, Fixed E","580","721107.0"
"Varying V, Fixed E","581","672077.0"
"Varying V, Fixed E","582","686215.0"
"Varying V, Fixed E","583","690903.0"
"Varying V, Fixed E","584","666153.0"
"Varying V, Fixed E","585","667056.0"
"Varying V, Fixed E","586","671617.0"
"Varying V, Fixed E","587","669004.0"
"Varying V, Fixed E","588","675729.0"
"Varying V, Fixed E","589","681525.0"
"Varying V, Fixed E","590","677348.0"
"Varying V, Fixed E","591","686071.0"
"Varying V, Fixed E","592","680333.0"
"Varying V, Fixed E","593","675494.0"
"Varying V, Fixed E","594","673206.0"
"Varying V, Fixed E","595","674035.0"
"Varying V, Fixed E","596","677937.0"
"Varying V, Fixed E","597","683920.0"
"Varying V, Fixed E","598","683476.0"
"Varying V, Fixed E","599","694540.0"
"Varying V, Fixed E","600","701237.0"
"Varying V, Fixed E","601","690087.0"
"Varying V, Fixed E","602","700145.0"
"Varying V, Fixed E","603","697031.0"
"Varying V, Fixed E","604","701160.0"
"Varying V, Fixed E","605","696517.0"
"Varying V, Fixed E","606","711183.0"
"Varying V, Fixed E","607","700729.0"
"Varying V, Fixed E","608","763710.0"
"Varying V, Fixed E","609","767051.0"
"Varying V, Fixed E","610","761115.0"
"Varying V, Fixed E","611","750351.0"
"Varying V, Fixed E","612","780832.0"
"Varying V, Fixed E","613","732835.0"
"Varying V, Fixed E","614","723649.0"
"Varying V, Fixed E","615","729128.0"
"Varying V, Fixed E","616","730033.0"
"Varying V, Fixed E","617","733301.0"
"Varying V, Fixed E","618","731336.0"
"Varying V, Fixed E","619","736576.0"
"Varying V, Fixed E","620","751685.0"
"Varying V, Fixed E","621","750922.0"
"Varying V, Fixed E","622","749770.0"
"Varying V, Fixed E","623","769995.0"
"Varying V, Fixed E","624","739259.0"
"Varying V, Fixed E","625","746869.0"
"Varying V, Fixed E","626","756424.0"
"Varying V, Fixed E","627","762240.0"
"Varying V, Fixed E","628","772211.0"
"Varying V, Fixed E","629","771731.0"
"Varying V, Fixed E","630","786881.0"
"Varying V, Fixed E","631","785555.0"
"Varying V, Fixed E","632","817521.0"
"Varying V, Fixed E","633","805264.0"
"Varying V, Fixed E","634","800832.0"
"Varying V, Fixed E","635","772832.0"
"Varying V, Fixed E","636","772505.0"
"Varying V, Fixed E","637","813639.0"
"Varying V, Fixed E","638","790245.0"
"Varying V, Fixed E","639","796505.0"
"Varying V, Fixed E","640","811951.0"
"Varying V, Fixed E","641","854890.0"
"Varying V, Fixed E","642","845699.0"
"Varying V, Fixed E","643","813042.0"
"Varying V, Fixed E","644","817191.0"
"Varying V, Fixed E","645","817114.0"
"Varying V, Fixed E","646","828625.0"
"Varying V, Fixed E","647","835132.0"
"Varying V, Fixed E","648","817614.0"
"Varying V, Fixed E","649","853161.0"
"Varying V, Fixed E","650","892860.0"
"Varying V, Fixed E","651","858022.0"
"Varying V, Fixed E","652","868634.0"
"Varying V, Fixed E","653","845003.0"
"Varying V, Fixed E","654","833078.0"
"Varying V, Fixed E","655","842804.0"
"Varying V, Fixed E","656","838064.0"
"Varying V, Fixed E","657","841679.0"
"Varying V, Fixed E","658","846530.0"
"Varying V, Fixed E","659","846534.0"
"Varying V, Fixed E","660","875840.0"
"Varying V, Fixed E","661","865355.0"
"Varying V, Fixed E","662","897988.0"
"Varying V, Fixed E","663","868986.0"
"Varying V, Fixed E","664","879223.0"
"Varying V, Fixed E","665","882573.0"
"Varying V, Fixed E","666","869865.0"
"Varying V, Fixed E","667","859295.0"
"Varying V, Fixed E","668","853438.0"
"Varying V, Fixed E","669","855381.0"
"Varying V, Fixed E","670","877402.0"
"Varying V, Fixed E","671","876800.0"
"Varying V, Fixed E","672","936676.0"
"Varying V, Fixed E","673","854900.0"
"Varying V, Fixed E","674","866708.0"
"Varying V, Fixed E","675","861829.0"
"Varying V, Fixed E","676","869013.0"
"Varying V, Fixed E","677","887578.0"
"Varying V, Fixed E","678","886707.0"
"Varying V, Fixed E","679","886508.0"
"Varying V, Fixed E","680","868357.0"
"Varying V, Fixed E","681","915380.0"
"Varying V, Fixed E","682","915710.0"
"Varying V, Fixed E","683","886485.0"
"Varying V, Fixed E","684","889698.0"
"Varying V, Fixed E","685","905295.0"
"Varying V, Fixed E","686","921353.0"
"Varying V, Fixed E","687","907842.0"
"Varying V, Fixed E","688","901078.0"
"Varying V, Fixed E","689","928870.0"
"Varying V, Fixed E","690","964179.0"
"Varying V, Fixed E","691","942390.0"
"Varying V, Fixed E","692","925273.0"
"Varying V, Fixed E","693","948364.0"
"Varying V, Fixed E","694","962002.0"
"Varying V, Fixed E","695","987095.0"
"Varying V, Fixed E","696","971810.0"
"Varying V, Fixed E","697","938610.0"
"Varying V, Fixed E","698","937542.0"
"Varying V, Fixed E","699","930532.0"
"Varying V, Fixed E","700","956029.0"
"Varying V, Fixed E","701","956576.0"
"Varying V, Fixed E","702","1019010.0"
"Varying V, Fixed E","703","951469.0"
"Varying V, Fixed E","704","940042.0"
"Varying V, Fixed E","705","970658.0"
"Varying V, Fixed E","706","969309.0"
"Varying V, Fixed E","707","959489.0"
"Varying V, Fixed E","708","972241.0"
"Varying V, Fixed E","709","967141.0"
"Varying V, Fixed E","710","976473.0"
"Varying V, Fixed E","711","970123.0"
"Varying V, Fixed E","712","983182.0"
"Varying V, Fixed E","713","1016207.0"
"Varying V, Fixed E","714","1015970.0"
"Varying V, Fixed E","715","988936.0"
"Varying V, Fixed E","716","1004168.0"
"Varying V, Fixed E","717","993930.0"
"Varying V, Fixed E","718","991408.0"
"Varying V, Fixed E","719","1039180.0"
"Varying V, Fixed E","720","1012277.0"
"Varying V, Fixed E","721","1011662.0"
"Varying V, Fixed E","722","1027519.0"
"Varying V, Fixed E","723","1020815.0"
"Varying V, Fixed E","724","1028286.0"
"Varying V, Fixed E","725","1017614.0"
"Varying V, Fixed E","726","1037604.0"
"Varying V, Fixed E","727","1021066.0"
"Varying V, Fixed E","728","1037482.0"
"Varying V, Fixed E","729","1040596.0"
"Varying V, Fixed E","730","1051328.0"
"Varying V, Fixed E","731","1052089.0"
"Varying V, Fixed E","732","1048371.0"
"Varying V, Fixed E","733","1059775.0"
"Varying V, Fixed E","734","1073575.0"
"Varying V, Fixed E","735","1098425.0"
"Varying V, Fixed E","736","1118360.0"
"Varying V, Fixed E","737","1117372.0"
"Varying V, Fixed E","738","1101108.0"
"Varying V, Fixed E","739","1131028.0"
"Varying V, Fixed E","740","1164700.0"
"Varying V, Fixed E","741","1121505.0"
"Varying V, Fixed E","742","1125796.0"
"Varying V, Fixed E","743","1153559.0"
"Varying V, Fixed E","744","1176998.0"
"Varying V, Fixed E","745","1167542.0"
"Varying V, Fixed E","746","1110013.0"
"Varying V, Fixed E","747","1139266.0"
"Varying V, Fixed E","748","1097537.0"
"Varying V, Fixed E","749","1118027.0"
"Varying V, Fixed E","750","1097532.0"
"Varying V, Fixed E","751","1110279.0"
"Varying V, Fixed E","752","1111422.0"
"Varying V, Fixed E","753","1128797.0"
"Varying V, Fixed E","754","1191043.0"
"Varying V, Fixed E","755","1141042.0"
"Varying V, Fixed E","756","1131881.0"
"Varying V, Fixed E","757","1151979.0"
"Varying V, Fixed E","758","1149802.0"
"Varying V, Fixed E","759","1153877.0"
"Varying V, Fixed E","760","1145210.0"
"Varying V, Fixed E","761","1196874.0"
"Varying V, Fixed E","762","1200261.0"
"Varying V, Fixed E","763","1151469.0"
"Varying V, Fixed E","764","1152722.0"
"Varying V, Fixed E","765","1230434.0"
"Varying V, Fixed E","766","1178454.0"
"Varying V, Fixed E","767","1171677.0"
"Varying V, Fixed E","768","1156428.0"
"Varying V, Fixed E","769","1244679.0"
"Varying V, Fixed E","770","1174176.0"
"Varying V, Fixed E","771","1203902.0"
"Varying V, Fixed E","772","1172652.0"
"Varying V, Fixed E","773","1172760.0"
"Varying V, Fixed E","774","1221750.0"
"Varying V, Fixed E","775","1233053.0"
"Varying V, Fixed E","776","1208807.0"
"Varying V, Fixed E","777","1213838.0"
"Varying V, Fixed E","778","1225393.0"
"Varying V, Fixed E","779","1202603.0"
"Varying V, Fixed E","780","1235690.0"
"Varying V, Fixed E","781","1246650.0"
"Varying V, Fixed E","782","1242794.0"
"Varying V, Fixed E","783","1241302.0"
"Varying V, Fixed E","784","1238833.0"
"Varying V, Fixed E","785","1243714.0"
"Varying V, Fixed E","786","1262514.0"
"Varying V, Fixed E","787","1256259.0"
"Varying V, Fixed E","788","1286454.0"
"Varying V, Fixed E","789","1273577.0"
"Varying V, Fixed E","790","1248354.0"
"Varying V, Fixed E","791","1266306.0"
"Varying V, Fixed E","792","1267070.0"
"Varying V, Fixed E","793","1270053.0"
"Varying V, Fixed E","794","1284534.0"
"Varying V, Fixed E","795","1269797.0"
"Varying V, Fixed E","796","1289155.0"
"Varying V, Fixed E","797","1284965.0"
"Varying V, Fixed E","798","1277517.0"
"Varying V, Fixed E","799","1332435.0"
"Varying V, Fixed E","800","1286393.0"
"Varying V, Fixed E","801","1291268.0"
"Varying V, Fixed E","802","1296876.0"
"Varying V, Fixed E","803","1306522.0"
"Varying V, Fixed E","804","1317790.0"
"Varying V, Fixed E","805","1288593.0"
"Varying V, Fixed E","806","1315028.0"
"Varying V, Fixed E","807","1319212.0"
"Varying V, Fixed E","808","1329190.0"
"Varying V, Fixed E","809","1308881.0"
"Varying V, Fixed E","810","1337860.0"
"Varying V, Fixed E","811","1355404.0"
"Varying V, Fixed E","812","1482428.0"
"Varying V, Fixed E","813","1396822.0"
"Varying V, Fixed E","814","1411159.0"
"Varying V, Fixed E","815","1411376.0"
"Varying V, Fixed E","816","1440412.0"
"Varying V, Fixed E","817","1473764.0"
"Varying V, Fixed E","818","1457264.0"
"Varying V, Fixed E","819","1463514.0"
"Varying V, Fixed E","820","1518694.0"
"Varying V, Fixed E","821","1377032.0"
"Varying V, Fixed E","822","1397399.0"
"Varying V, Fixed E","823","1432265.0"
"Varying V, Fixed E","824","1462311.0"
"Varying V, Fixed E","825","1468237.0"
"Varying V, Fixed E","826","1444262.0"
"Varying V, Fixed E","827","1454389.0"
"Varying V, Fixed E","828","1502347.0"
"Varying V, Fixed E","829","1411473.0"
"Varying V, Fixed E","830","1507738.0"
"Varying V, Fixed E","831","1482415.0"
"Varying V, Fixed E","832","1443711.0"
"Varying V, Fixed E","833","1517468.0"
"Varying V, Fixed E","834","1452547.0"
"Varying V, Fixed E","835","1458180.0"
"Varying V, Fixed E","836","1452932.0"
"Varying V, Fixed E","837","1470618.0"
"Varying V, Fixed E","838","1447826.0"
"Varying V, Fixed E","839","1486561.0"
"Varying V, Fixed E","840","1530814.0"
"Varying V, Fixed E","841","1486976.0"
"Varying V, Fixed E","842","1516504.0"
"Varying V, Fixed E","843","1502840.0"
"Varying V, Fixed E","844","1512705.0"
"Varying V, Fixed E","845","1484113.0"
"Varying V, Fixed E","846","1521692.0"
"Varying V, Fixed E","847","1501426.0"
"Varying V, Fixed E","848","1560802.0"
"Varying V, Fixed E","849","1515736.0"
"Varying V, Fixed E","850","1555439.0"
"Varying V, Fixed E","851","1544159.0"
"Varying V, Fixed E","852","1567240.0"
"Varying V, Fixed E","853","1708558.0"
"Varying V, Fixed E","854","1747852.0"
"Varying V, Fixed E","855","1632975.0"
"Varying V, Fixed E","856","1712376.0"
"Varying V, Fixed E","857","1565884.0"
"Varying V, Fixed E","858","1659360.0"
"Varying V, Fixed E","859","1591116.0"
"Varying V, Fixed E","860","1562855.0"
"Varying V, Fixed E","861","1612507.0"
"Varying V, Fixed E","862","1567172.0"
"Varying V, Fixed E","863","1527657.0"
"Varying V, Fixed E","864","1587149.0"
"Varying V, Fixed E","865","1620124.0"
"Varying V, Fixed E","866","1629004.0"
"Varying V, Fixed E","867","1582196.0"
"Varying V, Fixed E","868","1521256.0"
"Varying V, Fixed E","869","1616539.0"
"Varying V, Fixed E","870","1578125.0"
"Varying V, Fixed E","871","1586453.0"
"Varying V, Fixed E","872","1606294.0"
"Varying V, Fixed E","873","1700083.0"
"Varying V, Fixed E","874","1604811.0"
"Varying V, Fixed E","875","1718979.0"
"Varying V, Fixed E","876","1606942.0"
"Varying V, Fixed E","877","1573645.0"
"Varying V, Fixed E","878","1615959.0"
"Varying V, Fixed E","879","1691750.0"
"Varying V, Fixed E","880","1701164.0"
"Varying V, Fixed E","881","1784712.0"
"Varying V, Fixed E","882","1695836.0"
"Varying V, Fixed E","883","1619961.0"
"Varying V, Fixed E","884","1648479.0"
"Varying V, Fixed E","885","1627582.0"
"Varying V, Fixed E","886","1661591.0"
"Varying V, Fixed E","887","1655072.0"
"Varying V, Fixed E","888","1640125.0"
"Varying V, Fixed E","889","1683866.0"
"Varying V, Fixed E","890","1655919.0"
"Varying V, Fixed E","891","1626187.0"
"Varying V, Fixed E","892","1647209.0"
"Varying V, Fixed E","893","1655684.0"
"Varying V, Fixed E","894","1662246.0"
"Varying V, Fixed E","895","1694606.0"
"Varying V, Fixed E","896","1629330.0"
"Varying V, Fixed E","897","1676071.0"
"Varying V, Fixed E","898","1677536.0"
"Varying V, Fixed E","899","1670910.0"
"Varying V, Fixed E","900","1705534.0"
"Varying V, Fixed E","901","1720787.0"
"Varying V, Fixed E","902","1704712.0"
"Varying V, Fixed E","903","1823604.0"
"Varying V, Fixed E","904","1700374.0"
"Varying V, Fixed E","905","1734974.0"
"Varying V, Fixed E","906","1707568.0"
"Varying V, Fixed E","907","1841267.0"
"Varying V, Fixed E","908","1748311.0"
"Varying V, Fixed E","909","1802831.0"
"Varying V, Fixed E","910","1790425.0"
"Varying V, Fixed E","911","1798740.0"
"Varying V, Fixed E","912","1749239.0"
"Varying V, Fixed E","913","1770635.0"
"Varying V, Fixed E","914","1797023.0"
"Varying V, Fixed E","915","1816556.0"
"Varying V, Fixed E","916","2000332.0"
"Varying V, Fixed E","917","1994297.0"
"Varying V, Fixed E","918","1853646.0"
"Varying V, Fixed E","919","1789060.0"
"Varying V, Fixed E","920","1781472.0"
"Varying V, Fixed E","921","1800945.0"
"Varying V, Fixed E","922","1780844.0"
"Varying V, Fixed E","923","1872874.0"
"Varying V, Fixed E","924","1784989.0"
"Varying V, Fixed E","925","1806797.0"
"Varying V, Fixed E","926","1859449.0"
"Varying V, Fixed E","927","1814257.0"
"Varying V, Fixed E","928","1800583.0"
"Varying V, Fixed E","929","1830602.0"
"Varying V, Fixed E","930","1882188.0"
"Varying V, Fixed E","931","1802724.0"
"Varying V, Fixed E","932","1815938.0"
"Varying V, Fixed E","933","1800394.0"
"Varying V, Fixed E","934","1784200.0"
"Varying V, Fixed E","935","1826764.0"
"Varying V, Fixed E","936","1823170.0"
"Varying V, Fixed E","937","1814793.0"
"Varying V, Fixed E","938","1940502.0"
"Varying V, Fixed E","939","1855854.0"
"Varying V, Fixed E","940","1856815.0"
"Varying V, Fixed E","941","1901968.0"
"Varying V, Fixed E","942","1893835.0"
"Varying V, Fixed E","943","1898798.0"
"Varying V, Fixed E","944","1901368.0"
"Varying V, Fixed E","945","1914742.0"
"Varying V, Fixed E","946","1904245.0"
"Varying V, Fixed E","947","1921388.0"
"Varying V, Fixed E","948","1910938.0"
"Varying V, Fixed E","949","1922940.0"
"Varying V, Fixed E","950","1901910.0"
"Varying V, Fixed E","951","1989334.0"
"Varying V, Fixed E","952","1982371.0"
"Varying V, Fixed E","953","1960998.0"
"Varying V, Fixed E","954","1945133.0"
"Varying V, Fixed E","955","1968267.0"
"Varying V, Fixed E","956","2117246.0"
"Varying V, Fixed E","957","2202824.0"
"Varying V, Fixed E","958","1957720.0"
"Varying V, Fixed E","959","2033704.0"
"Varying V, Fixed E","960","1990321.0"
"Varying V, Fixed E","961","1994350.0"
"Varying V, Fixed E","962","1926960.0"
"Varying V, Fixed E","963","1946237.0"
"Varying V, Fixed E","964","2018806.0"
"Varying V, Fixed E","965","1979846.0"
"Varying V, Fixed E","966","1976869.0"
"Varying V, Fixed E","967","2147920.0"
"Varying V, Fixed E","968","2043131.0"
"Varying V, Fixed E","969","2090424.0"
"Varying V, Fixed E","970","2061710.0"
"Varying V, Fixed E","971","2042335.0"
"Varying V, Fixed E","972","2041293.0"
"Varying V, Fixed E","973","2039362.0"
"Varying V, Fixed E","974","2064831.0"
"Varying V, Fixed E","975","2081669.0"
"Varying V, Fixed E","976","2052298.0"
"Varying V, Fixed E","977","2085544.0"
"Varying V, Fixed E","978","2106479.0"
"Varying V, Fixed E","979","2156124.0"
"Varying V, Fixed E","980","2093695.0"
"Varying V, Fixed E","981","2080595.0"
"Varying V, Fixed E","982","2095846.0"
"Varying V, Fixed E","983","2092994.0"
"Varying V, Fixed E","984","2084525.0"
"Varying V, Fixed E","985","2166558.0"
"Varying V, Fixed E","986","2144392.0"
"Varying V, Fixed E","987","2231229.0"
"Varying V, Fixed E","988","2167371.0"
"Varying V, Fixed E","989","2124922.0"
"Varying V, Fixed E","990","2094367.0"
"Varying V, Fixed E","991","2270687.0"
"Varying V, Fixed E","992","2216770.0"
"Varying V, Fixed E","993","2165808.0"
"Varying V, Fixed E","994","2166836.0"
"Varying V, Fixed E","995","2128657.0"
"Varying V, Fixed E","996","2097448.0"
"Varying V, Fixed E","997","2147392.0"
"Varying V, Fixed E","998","2182177.0"
"Varying V, Fixed E","999","2161069.0"
"Varying V, Fixed E","1000","2205784.0"
